stock,variable,year,mean,sd,lower,upper,status
Loligo vulgaris,b_div_bmsy,2021,2.04674691662076,0.591887197354619,0.782590981737569,4.65438487344635,Underfished
