stock,variable,year,mean,sd,lower,upper,status
Loligo vulgaris,b_div_bmsy,2021,2.31428947151754,0.461153025964445,1.12579077976047,4.75456105075298,Underfished
