stock,variable,year,mean,sd,lower,upper,status
Loligo vulgaris,b_div_bmsy,2021,2.26394213951329,0.46829825475448,1.05885152428982,4.80384744813408,Underfished
